{
    "head": {
        "fx": 391.7995910644531,
        "fy": 390.91229248046875,
        "cx": 319.744384765625,
        "cy": 241.31491088867188,
        "k1": -0.05204252526164055,
        "k2": 0.058166299015283585,
        "k3": -0.01945062167942524,
        "p1": -0.0003813571238424629,
        "p2": 0.0010449134279042482,
        "k4": 0.0,
        "k5": 0.0,
        "k6": 0.0
    },
    "left": {
        "fx": 391.2080078125,
        "fy": 390.3385314941406,
        "cx": 323.6990966796875,
        "cy": 237.38589477539062,
        "k1": -0.05190323293209076,
        "k2": 0.0582212395966053,
        "k3": -0.018552394583821297,
        "p1": -0.0006167927640490234,
        "p2": 2.9263806936796755e-05,
        "k4": 0.0,
        "k5": 0.0,
        "k6": 0.0
    },
    "right": {
        "fx": 391.8039245605469,
        "fy": 390.73773193359375,
        "cx": 320.254638671875,
        "cy": 242.4542694091797,
        "k1": -0.052824150770902634,
        "k2": 0.058766283094882965,
        "k3": -0.018757574260234833,
        "p1": -0.0006303537520579994,
        "p2": 0.00016830740787554532,
        "k4": 0.0,
        "k5": 0.0,
        "k6": 0.0
    }
}