{
    "head": {
        "fx": 604.15966796875,
        "fy": 602.8171997070312,
        "cx": 316.21405029296875,
        "cy": 240.30160522460938,
        "k1": 0.0,
        "k2": 0.0,
        "k3": 0.0,
        "p1": 0.0,
        "p2": 0.0,
        "k4": 0.0,
        "k5": 0.0,
        "k6": 0.0
    },
    "left": {
        "fx": 391.7995910644531,
        "fy": 390.91229248046875,
        "cx": 319.744384765625,
        "cy": 241.31491088867188,
        "k1": -0.05204252526164055,
        "k2": 0.058166299015283585,
        "k3": -0.01945062167942524,
        "p1": -0.0003813571238424629,
        "p2": 0.0010449134279042482,
        "k4": 0.0,
        "k5": 0.0,
        "k6": 0.0
    },
    "right": {
        "fx": 391.8039245605469,
        "fy": 390.73773193359375,
        "cx": 320.254638671875,
        "cy": 242.4542694091797,
        "k1": -0.052824150770902634,
        "k2": 0.058766283094882965,
        "k3": -0.018757574260234833,
        "p1": -0.0006303537520579994,
        "p2": 0.00016830740787554532,
        "k4": 0.0,
        "k5": 0.0,
        "k6": 0.0
    }
}